<code_scheme name="Default" version="173">
  <SqlCodeStyleSettings version="5">
    <option name="KEYWORD_CASE" value="2" />
    <option name="QUOTE_IDENTIFIER" value="2" />
    <option name="INSERT_EL_WRAP" value="2" />
    <option name="TABLE_OPENING" value="1" />
    <option name="TABLE_CONTENT" value="2" />
    <option name="TABLE_CLOSING" value="3" />
    <option name="POST_OPT_WRAP_1" value="true" />
    <option name="IMP_DECLARE_EL_WRAP" value="1" />
    <option name="IMP_IF_THEN_WRAP_THEN" value="true" />
  </SqlCodeStyleSettings>
</code_scheme>